{
  "users": [
    {
      "id": 1,
      "name": "abhinandan",
      "email": "abhinandan@gmail.com",
      "password": "123456",
      "password2": "123456"
    },
    {
      "name": "abhinandan",
      "email": "abhinandan@gmail.com",
      "password": "123456",
      "password2": "123456",
      "id": 2
    },
    {
      "id": 3
    },
    {
      "id": 4
    },
    {
      "id": 5
    },
    {
      "name": "cba",
      "email": "info@cba.com",
      "password": "1234567",
      "password2": "1234567",
      "id": 6
    }
  ]
}